split,roc_auc,pr_auc
validation,0.8721791705025801,0.4478064436746398
test,0.8686701871046073,0.4594360326535779
